U001	Alice Morgan	Orange	California	alice.morgan@yahoo.com	Gold	9800
U002	Brian Chen	King	Washington	brian.chen@aol.com	Silver	3300
U003	Sandra Lee	Clark	Nevada	sandra.lee@yahoo.com	Platinum	12950
U004	Darren Low	Penang	Penang	darren.low@botmail.com	Silver	4000
U005	Nur Aisha	Sepang	Selangor	aisha.nur@hotmail.com	Gold	7700
U006	Hiro Tanaka	Osaka	Kansai	hiro.tanaka@mail.com	Silver	2300
U007	Maria Gutierrez	Travis	Texas	m.gutierrez@example.com	Platinum	15600
U008	John Peterson	Cook	Illinois	john.p@hotmail.com	Gold	5900
U009	Lim Wei Jian	Johor Bahru	Johor	wj.lim@example.com	Silver	2800
U010	Kavita Sharma	Mumbai	Maharashtra	kavita.sharma@yahoo.com	Gold	7300
U011	Fiona Khalid	Gombak	Selangor	fiona.khalid@example.com	Silver	2100
U012	Owen Riley	Maricopa	Arizona	owen.r@exhotmailample.com	Gold	5600
U013	Chen Mei Lin	Tainan	Taiwan	meilin.chen@example.com	Silver	2400
U014	James Walker	Miami-Dade	Florida	j.walker@aol.com	Platinum	10700
U015	Siti Farah	Kota Kinabalu	Sabah	farah.s@example.com	Silver	1900
U016	Carlos Ruiz	San Diego	California	carlos.r@yahoo.com	Gold	6300
U017	Emily Johnson	Fulton	Georgia	emily.j@example.com	Silver	3250
U018	Rahul Nair	Ernakulam	Kerala	rahul.nair@gmail.com	Gold	7400
U019	Tan Jing Yi	Seremban	Negeri Sembilan	jingyi.tan@aol.com	Silver	2600
U020	Adrian Yong	Kuching	Sarawak	adrian.y@aol.com	Platinum	13700
